Wavelength [um],Blue,Green,Red,Red Edge,NIR
0.40000001,1.45E-05,0.00052547,1.32E-08,4.88E-07,0.00029318
0.40050001,0.001495673,0.00069493,6.82E-09,4.21E-07,0.000399599
0.40100001,0.001548978,0.000798031,1.07E-08,3.63E-07,0.00050262
0.40150001,0.001150188,0.000486438,9.43E-08,3.48E-07,0.000460393
0.40200001,0.000710872,0.000141684,1.71E-07,4.79E-07,0.00038326
0.40250001,0.000549888,6.98E-05,1.04E-07,1.52E-06,0.000244194
0.40300001,0.00041982,4.40E-05,2.23E-08,2.81E-06,0.000105906
0.40350001,0.000215806,3.48E-05,1.11E-08,4.61E-06,5.98E-05
0.40400001,2.27E-05,2.90E-05,1.16E-08,6.00E-06,3.10E-05
0.40450001,2.22E-06,3.00E-05,1.49E-08,3.97E-06,2.19E-05
0.40500001,8.59E-06,3.37E-05,1.90E-08,2.43E-06,1.66E-05
0.40550001,8.85E-06,4.74E-05,2.53E-08,8.04E-06,1.69E-05
0.40600001,8.43E-06,6.17E-05,3.10E-08,2.06E-05,1.95E-05
0.40650001,1.05E-05,6.99E-05,2.99E-08,6.96E-05,3.16E-05
0.40700001,1.45E-05,7.35E-05,2.91E-08,0.000110671,4.24E-05
0.40750001,2.77E-05,5.40E-05,3.79E-08,5.93E-05,3.36E-05
0.40800001,4.18E-05,3.30E-05,5.09E-08,5.94E-07,2.25E-05
0.40850001,5.20E-05,2.75E-05,7.99E-08,3.40E-07,1.71E-05
0.40900001,5.68E-05,2.58E-05,1.02E-07,8.08E-08,1.31E-05
0.40950001,3.09E-05,3.28E-05,6.01E-08,3.37E-07,1.24E-05
0.41000001,3.73E-06,5.13E-05,6.21E-08,2.87E-08,2.15E-05
0.41050001,6.18E-07,0.000135793,4.10E-07,7.32E-10,9.03E-05
0.41100001,1.25E-06,0.000329469,1.39E-07,1.74E-08,0.000173487
0.41150001,1.07E-06,0.001143998,4.41E-07,1.74E-08,0.000273679
0.41200001,7.88E-07,0.001836454,7.56E-07,1.51E-08,0.000347464
0.41250001,7.29E-07,0.000998685,7.42E-05,1.62E-08,0.00021433
0.41300001,7.11E-07,3.50E-05,0.000140334,1.85E-08,6.19E-05
0.41350001,7.33E-07,2.07E-05,7.62E-05,2.45E-08,3.00E-05
0.41400001,7.65E-07,6.02E-06,2.14E-07,3.33E-08,1.82E-05
0.41450001,8.23E-07,8.28E-06,1.58E-07,5.55E-08,1.22E-05
0.41500001,8.99E-07,2.85E-06,1.02E-07,8.08E-08,7.45E-06
0.41550001,1.06E-06,2.46E-06,4.90E-07,1.10E-07,6.13E-06
0.41600001,1.21E-06,3.12E-06,1.02E-07,1.36E-07,5.51E-06
0.41650001,1.24E-06,5.22E-06,4.68E-08,1.38E-07,6.10E-06
0.41700001,2.04E-06,7.05E-06,4.60E-08,1.45E-07,7.14E-06
0.41750001,7.66E-06,5.52E-06,4.15E-08,2.05E-07,9.77E-06
0.41800001,4.78E-06,3.56E-06,3.83E-08,2.30E-07,1.24E-05
0.41850001,1.25E-05,2.34E-06,4.86E-08,5.27E-07,1.33E-05
0.41900001,2.03E-05,1.36E-06,8.76E-08,8.30E-07,1.36E-05
0.41950001,0.001024906,1.16E-06,2.97E-07,8.87E-06,1.24E-05
0.42000001,0.001917456,1.12E-06,6.54E-07,1.64E-05,1.12E-05
0.42050001,0.001067778,1.28E-06,1.76E-06,1.25E-05,1.14E-05
0.42100001,6.85E-05,1.76E-06,2.69E-06,6.48E-06,1.21E-05
0.42150001,4.59E-05,3.96E-06,1.61E-06,6.40E-06,1.44E-05
0.42200001,2.28E-05,5.56E-06,3.59E-07,6.32E-06,1.75E-05
0.42250001,2.32E-05,2.17E-06,1.76E-07,0.000115398,2.40E-05
0.42300001,1.67E-05,4.62E-05,1.66E-07,0.000211259,3.20E-05
0.42350001,1.67E-05,0.00039758,1.82E-07,0.000115481,4.59E-05
0.42400001,1.81E-05,0.000713119,2.23E-07,4.67E-06,5.82E-05
0.42450001,2.12E-05,0.000462305,4.08E-07,2.82E-06,5.43E-05
0.42500001,2.64E-05,0.000152976,5.84E-07,9.53E-07,4.73E-05
0.42550001,4.18E-05,6.87E-05,5.56E-07,1.12E-06,3.82E-05
0.42600001,5.34E-05,2.55E-05,5.41E-07,4.42E-07,2.98E-05
0.42650001,3.09E-05,1.72E-05,7.94E-07,3.33E-07,2.84E-05
0.42700001,0.000177772,1.51E-05,5.97E-07,3.18E-07,2.91E-05
0.42750001,0.001436295,1.72E-05,1.36E-06,3.17E-07,3.64E-05
0.42800001,0.002647091,2.08E-05,2.13E-06,3.24E-07,4.74E-05
0.42850001,0.002346399,2.90E-05,5.88E-05,3.76E-07,7.60E-05
0.42900001,0.001775299,6.45E-05,0.000110856,4.44E-07,0.000104532
0.42950001,0.001049283,0.000268483,8.60E-05,5.69E-07,0.000117063
0.43000001,0.000380099,0.000473933,7.40E-05,8.06E-07,0.000123856
0.43050001,0.000266753,0.000504581,0.000215642,1.69E-06,0.000111171
0.43100001,0.000244106,0.000479735,0.000360706,2.15E-06,9.74E-05
0.43150001,0.000236155,0.000279346,0.000387232,7.99E-06,9.47E-05
0.43200001,0.000234094,7.54E-05,0.000370618,1.37E-05,9.48E-05
0.43250001,0.000256543,3.91E-05,0.000202063,0.00013293,0.000100586
0.43300001,0.00028823,3.02E-05,3.52E-05,0.000234134,0.000106856
0.43350001,0.000352789,2.65E-05,1.19E-05,0.000131863,0.00011113
0.43400001,0.000434113,2.45E-05,1.09E-05,1.61E-05,0.00011433
0.43450001,0.000585851,2.89E-05,9.79E-06,2.96E-06,0.000113333
0.43500001,0.000780816,3.69E-05,8.22E-06,5.17E-06,0.000112745
0.43550001,0.001172978,6.11E-05,4.59E-06,3.10E-06,0.000118774
0.43600001,0.001695541,0.000101944,1.38E-05,6.81E-07,0.000121974
0.43650001,0.002833344,0.000231462,0.000104419,2.69E-07,0.000101997
0.43700001,0.004464325,0.000365946,0.0001821,1.79E-07,7.78E-05
0.43750001,0.008578897,0.000434333,0.000110944,1.32E-07,4.79E-05
0.43800001,0.014861336,0.000473438,2.87E-05,9.52E-08,2.05E-05
0.43850001,0.032421015,0.000390567,1.25E-05,9.04E-08,1.20E-05
0.43900001,0.065108117,0.00029501,7.38E-06,9.56E-08,6.99E-06
0.43950001,0.181935368,0.000247794,5.84E-06,1.33E-07,5.00E-06
0.44000001,0.321100406,0.000219052,4.83E-06,1.72E-07,3.63E-06
0.44050001,0.511044646,0.000260582,3.68E-06,2.00E-07,3.10E-06
0.44100001,0.68686211,0.000301538,2.60E-06,2.28E-07,2.76E-06
0.44150001,0.7143995,0.000266018,1.97E-06,2.65E-07,2.78E-06
0.44200001,0.718549478,0.000213967,1.57E-06,1.46E-07,2.92E-06
0.44250001,0.724606922,0.00013641,2.02E-06,1.77E-07,3.49E-06
0.44300001,0.730796941,6.30E-05,1.76E-06,2.06E-07,4.28E-06
0.44350001,0.736016239,4.42E-05,3.44E-06,1.55E-05,6.08E-06
0.44400001,0.740373285,3.54E-05,5.07E-06,2.84E-05,8.06E-06
0.44450001,0.740534277,3.53E-05,0.000102982,1.50E-05,1.05E-05
0.44500001,0.740368109,4.11E-05,0.000186943,1.06E-07,1.25E-05
0.44550001,0.74266283,7.61E-05,0.000111316,6.51E-08,1.19E-05
0.44600001,0.745632836,0.00013575,2.45E-05,2.56E-08,1.10E-05
0.44650001,0.75053935,0.000320454,1.10E-05,8.66E-08,1.02E-05
0.44700001,0.755518489,0.000470975,8.84E-06,1.50E-08,9.73E-06
0.44750001,0.759067531,0.000273892,5.59E-06,9.78E-09,1.04E-05
0.44800001,0.762148667,5.12E-05,2.55E-06,1.49E-08,1.15E-05
0.44850001,0.763852133,2.27E-05,1.66E-06,1.84E-08,1.44E-05
0.44900001,0.765384111,2.47E-05,1.16E-06,2.31E-08,1.83E-05
0.44950001,0.767543525,2.38E-05,1.01E-06,3.74E-08,2.64E-05
0.45000001,0.769762267,2.30E-05,9.91E-07,5.78E-08,3.68E-05
0.45050001,0.772419849,2.69E-05,1.50E-06,1.10E-07,5.75E-05
0.45100001,0.775027593,3.20E-05,1.52E-06,2.40E-07,8.21E-05
0.45150001,0.777557656,4.10E-05,3.22E-06,8.35E-07,0.000123031
0.45200001,0.779866633,5.00E-05,4.88E-06,1.65E-06,0.000161478
0.45250001,0.781128238,5.51E-05,7.57E-05,3.45E-06,0.000173152
0.45300001,0.782099176,5.89E-05,0.000137666,4.82E-06,0.000176865
0.45350001,0.782399092,5.79E-05,9.06E-05,2.81E-06,0.000157955
0.45400001,0.78263628,5.65E-05,3.42E-05,5.94E-07,0.000138146
0.45450001,0.783194565,5.71E-05,2.02E-05,2.25E-07,0.000132795
0.45500001,0.783969743,5.82E-05,1.40E-05,1.51E-07,0.000132671
0.45550001,0.785789202,6.06E-05,1.45E-05,1.08E-07,0.000150997
0.45600001,0.787777729,6.31E-05,1.66E-05,7.34E-08,0.000175535
0.45650001,0.78973259,6.50E-05,2.20E-05,6.22E-08,0.000222854
0.45700001,0.791648659,6.70E-05,2.81E-05,5.57E-08,0.000270807
0.45750001,0.793269029,7.05E-05,3.57E-05,5.67E-08,0.000304662
0.45800001,0.794735187,7.55E-05,5.15E-05,6.05E-08,0.000327625
0.45850001,0.795521003,8.81E-05,0.000117857,7.54E-08,0.000298847
0.45900001,0.796118369,0.000105247,0.000219604,9.26E-08,0.000259188
0.45950001,0.796330948,0.000143856,0.000497216,1.16E-07,0.000199669
0.46000001,0.79646163,0.000196538,0.000714181,2.04E-07,0.000140885
0.46050001,0.796814932,0.000317343,0.000401367,6.80E-07,0.00010201
0.46100001,0.797236904,0.000501671,5.86E-05,6.75E-07,6.92E-05
0.46150001,0.798260268,0.001021993,2.16E-05,2.46E-06,5.29E-05
0.46200001,0.799380624,0.001778772,3.09E-05,4.22E-06,4.05E-05
0.46250001,0.800758319,0.003686313,3.00E-05,7.61E-05,3.51E-05
0.46300001,0.802129018,0.005371336,2.76E-05,0.00014694,3.15E-05
0.46350001,0.803436987,0.004485332,2.72E-05,0.000151936,3.13E-05
0.46400001,0.804626854,0.003246919,2.74E-05,0.000141463,3.24E-05
0.46450001,0.805445137,0.002363732,2.90E-05,9.88E-05,3.75E-05
0.46500001,0.806062701,0.001617754,3.18E-05,6.73E-05,4.44E-05
0.46550001,0.805972274,0.001382113,4.10E-05,0.000134353,5.86E-05
0.46600001,0.805697683,0.001271338,5.36E-05,0.00020208,7.57E-05
0.46650001,0.805069696,0.00144079,8.24E-05,0.000181368,0.000104451
0.46700001,0.804440798,0.001605617,0.000111721,0.000142546,0.000135913
0.46750001,0.804180752,0.001497511,0.000130343,7.59E-05,0.000174775
0.46800001,0.804043673,0.003602692,0.000145311,1.38E-05,0.000221399
0.46850001,0.804234161,0.019923049,0.000148616,5.40E-06,0.000311594
0.46900001,0.804642332,0.034311157,0.000147154,5.27E-06,0.000426096
0.46950001,0.805831312,0.022197845,0.000127196,4.45E-06,0.00065315
0.47000001,0.807340887,0.007525853,0.000102975,3.62E-06,0.000828972
0.47050001,0.809400266,0.003301506,6.94E-05,3.51E-06,0.000578427
0.47100001,0.811624566,0.001019581,3.72E-05,3.67E-06,0.000290195
0.47150001,0.813621886,0.000528751,2.24E-05,4.79E-06,0.000179682
0.47200001,0.815533354,0.000332644,1.14E-05,5.38E-06,0.000105129
0.47250001,0.8168119,0.000236803,7.29E-06,2.05E-06,7.84E-05
0.47300001,0.817974978,0.000162253,4.58E-06,1.37E-05,6.08E-05
0.47350001,0.818896245,0.000127531,3.49E-06,0.00012386,5.35E-05
0.47400001,0.819671591,0.000100756,2.73E-06,0.000220762,4.85E-05
0.47450001,0.819696893,8.50E-05,2.43E-06,0.000137309,4.81E-05
0.47500001,0.819726437,7.14E-05,2.17E-06,3.78E-05,4.87E-05
0.47550001,0.820505257,6.05E-05,1.85E-06,1.63E-05,5.20E-05
0.47600001,0.821513549,5.03E-05,1.50E-06,8.13E-06,5.60E-05
0.47650001,0.823172471,4.21E-05,1.10E-06,5.78E-06,6.13E-05
0.47700001,0.825068629,3.46E-05,7.30E-07,4.47E-06,6.68E-05
0.47750001,0.827717489,2.94E-05,5.34E-07,4.06E-06,7.26E-05
0.47800001,0.83046375,2.48E-05,3.80E-07,3.91E-06,7.84E-05
0.47850001,0.832873195,2.20E-05,3.12E-07,4.45E-06,8.47E-05
0.47900001,0.83525566,1.97E-05,2.64E-07,5.08E-06,9.14E-05
0.47950001,0.837457269,1.88E-05,2.53E-07,5.73E-06,0.000100546
0.48000001,0.839675986,1.82E-05,2.54E-07,1.12E-05,0.000110826
0.48050001,0.841440911,1.87E-05,2.86E-07,4.71E-05,0.000125372
0.48100001,0.843144975,1.97E-05,3.37E-07,8.45E-05,0.00014121
0.48150001,0.844200878,2.20E-05,4.78E-07,9.96E-05,0.000160471
0.48200001,0.845330387,2.49E-05,6.31E-07,0.000103729,0.00017895
0.48250001,0.847294833,3.01E-05,7.88E-07,6.03E-05,0.000188319
0.48300001,0.849456332,3.64E-05,1.79E-06,1.50E-05,0.000193203
0.48350001,0.851888515,4.66E-05,8.07E-06,8.39E-06,0.000178479
0.48400001,0.854560019,5.86E-05,8.71E-06,7.82E-06,0.000159872
0.48450001,0.858403874,7.72E-05,5.09E-05,7.01E-06,0.000137049
0.48500001,0.862385431,9.78E-05,9.36E-05,6.21E-06,0.000114485
0.48550001,0.86597051,0.00012391,0.001278667,5.95E-06,9.88E-05
0.48600001,0.869397927,0.000163908,0.002320058,5.78E-06,8.50E-05
0.48650001,0.872148692,0.000283783,0.001313187,5.68E-06,7.75E-05
0.48700001,0.874698499,0.000310309,0.00013606,5.63E-06,7.17E-05
0.48750001,0.876570073,0.000618068,1.58E-05,5.79E-06,7.03E-05
0.48800001,0.878307155,0.000927749,5.91E-05,6.12E-06,7.03E-05
0.48850001,0.879731046,0.014567693,6.52E-05,7.31E-06,7.43E-05
0.48900001,0.881230174,0.026567256,7.87E-05,8.63E-06,7.98E-05
0.48950001,0.883196992,0.015225263,0.000180192,1.00E-05,8.99E-05
0.49000001,0.885578451,0.00193389,0.00026933,1.96E-05,0.000101441
0.49050001,0.88929541,0.000276071,0.000183435,8.14E-05,0.000117118
0.49100001,0.893554744,0.00043609,7.96E-05,0.000150136,0.000133235
0.49150001,0.899063176,0.000341225,4.71E-05,0.000205317,0.000146797
0.49200001,0.904839273,0.000213674,2.80E-05,0.000238065,0.000158039
0.49250001,0.910697963,0.000170934,2.20E-05,0.000137788,0.000156111
0.49300001,0.916360989,0.00014341,1.83E-05,2.95E-05,0.00015053
0.49350001,0.92052484,0.00012731,1.65E-05,1.47E-05,0.00013539
0.49400001,0.924217503,0.000113815,1.49E-05,1.47E-05,0.000118628
0.49450001,0.92639817,0.000106117,1.36E-05,1.32E-05,0.000102578
0.49500001,0.928268019,9.96E-05,1.25E-05,1.19E-05,8.71E-05
0.49550001,0.929761157,9.54E-05,1.21E-05,1.26E-05,7.60E-05
0.49600001,0.931282185,9.16E-05,1.19E-05,1.33E-05,6.60E-05
0.49650001,0.933473994,8.94E-05,1.30E-05,1.17E-05,5.96E-05
0.49700001,0.936127743,8.75E-05,1.48E-05,2.02E-05,5.42E-05
0.49750001,0.941149747,8.69E-05,1.97E-05,9.40E-05,5.19E-05
0.49800001,0.946726731,8.66E-05,2.66E-05,4.61E-05,5.04E-05
0.49850001,0.95349291,8.76E-05,4.35E-05,0.000135789,5.15E-05
0.49900001,0.960167583,8.90E-05,7.71E-05,0.000227203,5.36E-05
0.49950001,0.965200275,9.12E-05,0.000205616,0.014437739,5.93E-05
0.50000001,0.969344334,9.38E-05,0.000342925,0.027067995,6.67E-05
0.50050001,0.970062006,9.80E-05,0.000427568,0.014748031,8.09E-05
0.50100001,0.969913952,0.000102761,0.000524069,0.000302245,9.89E-05
0.50150001,0.968414417,0.000109502,0.000744094,0.00020749,0.000133073
0.50200001,0.967005573,0.000116866,0.000929397,0.000110926,0.000177507
0.50250001,0.967921616,0.000126076,0.00074666,0.000155643,0.000268466
0.50300001,0.96989936,0.000136192,0.000501228,6.61E-05,0.000379241
0.50350001,0.97643602,0.000149999,0.000252664,5.21E-05,0.000560977
0.50400001,0.98389615,0.000165096,3.08E-05,5.06E-05,0.000731459
0.50450001,0.992550987,0.000184335,3.41E-06,4.98E-05,0.000741099
0.50500001,1,0.000205457,6.44E-06,5.00E-05,0.000709369
0.50550001,0.998469627,0.000233907,4.63E-06,5.63E-05,0.000579676
0.50600001,0.994518117,0.000265218,2.19E-06,6.47E-05,0.000438995
0.50650001,0.984490472,0.000306641,1.43E-06,8.00E-05,0.000341048
0.50700001,0.976383234,0.000352481,9.67E-07,9.48E-05,0.000253547
0.50750001,0.986989458,0.00041524,7.07E-07,9.82E-05,0.000197214
0.50800001,0.998518148,0.000485078,4.92E-07,9.81E-05,0.000147989
0.50850001,0.996471325,0.000581498,3.74E-07,8.62E-05,0.000117191
0.50900001,0.95860218,0.000689817,2.77E-07,7.32E-05,9.06E-05
0.50950001,0.708028937,0.000845156,2.19E-07,6.72E-05,7.46E-05
0.51000001,0.437150639,0.001019922,1.70E-07,6.31E-05,6.09E-05
0.51050001,0.257990699,0.00126893,1.40E-07,6.51E-05,5.28E-05
0.51100001,0.108825931,0.001552223,1.15E-07,6.81E-05,4.60E-05
0.51150001,0.059574857,0.00197718,1.00E-07,7.12E-05,4.24E-05
0.51200001,0.029017988,0.002466169,8.75E-08,7.29E-05,3.95E-05
0.51250001,0.017296187,0.003216993,7.99E-08,6.52E-05,3.87E-05
0.51300001,0.009241838,0.004091618,7.35E-08,5.58E-05,3.85E-05
0.51350001,0.005864317,0.005485241,6.99E-08,4.57E-05,4.04E-05
0.51400001,0.00342255,0.007132998,6.70E-08,3.59E-05,4.31E-05
0.51450001,0.002288633,0.009866291,6.53E-08,2.98E-05,4.88E-05
0.51500001,0.001426647,0.013152374,6.38E-08,2.44E-05,5.60E-05
0.51550001,0.000995241,0.01884649,6.25E-08,2.11E-05,6.89E-05
0.51600001,0.000655813,0.025813221,6.11E-08,1.81E-05,8.53E-05
0.51650001,0.000473504,0.038421744,5.94E-08,1.59E-05,0.000116577
0.51700001,0.000325755,0.054111174,5.76E-08,1.39E-05,0.000159287
0.51750001,0.000241745,0.083661234,5.59E-08,1.24E-05,0.000257776
0.51800001,0.000172205,0.120523154,5.43E-08,1.11E-05,0.000393916
0.51850001,0.000131355,0.189741574,5.41E-08,1.02E-05,0.000715827
0.51900001,9.70E-05,0.271762308,5.43E-08,9.56E-06,0.001718607
0.51950001,7.57E-05,0.402045868,5.63E-08,9.34E-06,0.006840206
0.52000001,5.75E-05,0.538727852,5.91E-08,9.25E-06,0.011290544
0.52050001,4.58E-05,0.667033467,6.53E-08,9.62E-06,0.006791175
0.52100001,3.57E-05,0.783505983,7.32E-08,1.02E-05,0.001479294
0.52150001,2.90E-05,0.833457437,8.79E-08,1.13E-05,0.000603434
0.52200001,2.31E-05,0.867987565,1.07E-07,1.26E-05,0.000443686
0.52250001,1.91E-05,0.87155926,1.43E-07,1.48E-05,0.000317105
0.52300001,1.56E-05,0.869982367,1.91E-07,1.74E-05,0.000202524
0.52350001,1.31E-05,0.866711924,2.88E-07,2.17E-05,0.000152191
0.52400001,1.08E-05,0.863863569,3.89E-07,2.68E-05,0.000114198
0.52450001,9.28E-06,0.865338482,4.60E-07,3.63E-05,9.27E-05
0.52500001,7.87E-06,0.86757789,5.05E-07,4.82E-05,7.47E-05
0.52550001,6.82E-06,0.87033941,4.19E-07,7.15E-05,6.41E-05
0.52600001,5.87E-06,0.873073392,3.15E-07,0.000116962,5.51E-05
0.52650001,5.17E-06,0.87512323,2.47E-07,0.000291168,5.00E-05
0.52700001,4.53E-06,0.876774178,1.89E-07,0.000483117,4.57E-05
0.52750001,4.05E-06,0.876582366,1.56E-07,0.00064143,4.34E-05
0.52800001,3.61E-06,0.876001977,1.30E-07,0.000743343,4.16E-05
0.52850001,3.27E-06,0.874783615,1.11E-07,0.000508325,4.14E-05
0.52900001,2.97E-06,0.873473261,9.46E-08,0.000246821,4.17E-05
0.52950001,2.73E-06,0.872155161,8.12E-08,0.000182745,4.35E-05
0.53000001,2.51E-06,0.871049135,6.87E-08,0.000153924,4.59E-05
0.53050001,2.35E-06,0.871117971,5.91E-08,0.000150562,5.04E-05
0.53100001,2.19E-06,0.871510991,5.02E-08,0.000157073,5.58E-05
0.53150001,2.09E-06,0.872605175,4.40E-08,0.000201228,6.41E-05
0.53200001,1.99E-06,0.873875516,3.86E-08,0.000249005,7.40E-05
0.53250001,1.92E-06,0.875495725,3.54E-08,0.000284401,9.02E-05
0.53300001,1.85E-06,0.877180734,3.28E-08,0.000741536,0.000109485
0.53350001,1.82E-06,0.878897867,3.19E-08,0.003893966,0.000140901
0.53400001,1.80E-06,0.880502768,3.16E-08,0.006657275,0.000178358
0.53450001,1.80E-06,0.881352183,3.30E-08,0.003909177,0.000239667
0.53500001,1.80E-06,0.882034083,3.51E-08,0.000668355,0.000309891
0.53550001,1.84E-06,0.882404131,3.96E-08,0.000197211,0.000407917
0.53600001,1.90E-06,0.882673564,4.52E-08,0.000168126,0.000507256
0.53650001,1.99E-06,0.882604219,5.52E-08,0.000122106,0.000578941
0.53700001,2.10E-06,0.882429876,6.74E-08,7.62E-05,0.000634848
0.53750001,2.26E-06,0.881901894,8.85E-08,5.91E-05,0.0006134
0.53800001,2.45E-06,0.881327314,1.17E-07,4.75E-05,0.000574507
0.53850001,2.76E-06,0.880747517,1.78E-07,4.23E-05,0.000505884
0.53900001,3.12E-06,0.880324552,2.26E-07,3.87E-05,0.000433437
0.53950001,3.70E-06,0.880745845,1.53E-07,3.87E-05,0.00037237
0.54000001,4.40E-06,0.881358624,4.69E-07,4.01E-05,0.00031518
0.54050001,5.63E-06,0.881973196,3.32E-06,4.61E-05,0.000275572
0.54100001,7.29E-06,0.882775239,1.06E-06,5.45E-05,0.000240589
0.54150001,1.12E-05,0.884398281,2.43E-06,7.34E-05,0.000220099
0.54200001,1.63E-05,0.886239777,3.82E-06,0.000102202,0.000203746
0.54250001,2.77E-05,0.888475231,0.000563079,0.000182154,0.000200592
0.54300001,8.08E-05,0.890725871,0.001059092,0.00029323,0.000202462
0.54350001,0.000390626,0.892594334,0.000572704,0.000543715,0.000223272
0.54400001,0.000653606,0.894361245,4.12E-06,0.000762499,0.000252499
0.54450001,0.000360134,0.895822318,2.62E-06,0.000616591,0.000315658
0.54500001,2.57E-05,0.897118057,1.08E-06,0.000425542,0.000451831
0.54550001,1.67E-05,0.897644286,3.60E-06,0.000334173,0.001014479
0.54600001,7.64E-06,0.89807041,5.78E-07,0.00026678,0.001589139
0.54650001,6.67E-06,0.898611947,2.90E-07,0.000256241,0.001758806
0.54700001,3.57E-06,0.899049445,4.33E-07,0.000305863,0.001754538
0.54750001,2.62E-06,0.898673343,4.25E-07,0.00068099,0.001048034
0.54800001,2.05E-06,0.898247688,3.97E-07,0.001020718,0.000312528
0.54850001,1.66E-06,0.898253049,3.98E-07,0.000773263,0.000164214
0.54900001,1.32E-06,0.898484242,4.03E-07,0.000444885,0.000112818
0.54950001,1.11E-06,0.899529341,4.10E-07,0.000223183,8.37E-05
0.55000001,9.15E-07,0.900845872,4.16E-07,4.07E-05,5.96E-05
0.55050001,7.80E-07,0.902616432,4.18E-07,1.27E-05,4.81E-05
0.55100001,6.60E-07,0.904602102,4.19E-07,9.34E-06,3.92E-05
0.55150001,5.72E-07,0.907039417,4.22E-07,6.13E-06,3.40E-05
0.55200001,4.92E-07,0.909582076,4.27E-07,3.14E-06,2.96E-05
0.55250001,4.33E-07,0.912131706,4.44E-07,2.06E-06,2.67E-05
0.55300001,3.79E-07,0.914705205,4.68E-07,1.33E-06,2.40E-05
0.55350001,3.39E-07,0.917322082,5.20E-07,9.55E-07,2.19E-05
0.55400001,3.04E-07,0.919900473,5.86E-07,6.58E-07,1.98E-05
0.55450001,2.79E-07,0.922133991,7.14E-07,5.03E-07,1.79E-05
0.55500001,2.57E-07,0.924197222,8.69E-07,3.76E-07,1.60E-05
0.55550001,2.42E-07,0.925500788,1.12E-06,3.03E-07,1.42E-05
0.55600001,2.29E-07,0.926628462,1.60E-06,2.41E-07,1.25E-05
0.55650001,2.24E-07,0.927402334,3.41E-06,2.04E-07,1.10E-05
0.55700001,2.21E-07,0.928112772,3.85E-06,1.72E-07,9.61E-06
0.55750001,2.24E-07,0.928788068,9.27E-06,1.52E-07,8.55E-06
0.55800001,2.29E-07,0.929586319,1.48E-05,1.35E-07,7.57E-06
0.55850001,2.42E-07,0.931213153,0.000233736,1.25E-07,6.87E-06
0.55900001,2.57E-07,0.932952464,0.000428374,1.17E-07,6.25E-06
0.55950001,2.80E-07,0.93457569,0.000251154,1.13E-07,5.83E-06
0.56000001,3.05E-07,0.93631549,4.05E-05,1.10E-07,5.47E-06
0.56050001,3.37E-07,0.938920524,9.26E-06,1.12E-07,5.28E-06
0.56100001,3.70E-07,0.941593843,6.73E-06,1.14E-07,5.12E-06
0.56150001,4.00E-07,0.943820002,4.49E-06,1.19E-07,5.09E-06
0.56200001,4.26E-07,0.945919149,2.41E-06,1.25E-07,5.10E-06
0.56250001,4.30E-07,0.947658542,1.69E-06,1.33E-07,5.22E-06
0.56300001,4.27E-07,0.949283439,1.21E-06,1.42E-07,5.38E-06
0.56350001,4.05E-07,0.95054318,9.66E-07,1.50E-07,5.67E-06
0.56400001,3.79E-07,0.951676766,7.68E-07,1.58E-07,5.99E-06
0.56450001,3.52E-07,0.952386572,6.65E-07,1.61E-07,6.45E-06
0.56500001,3.25E-07,0.953087388,5.84E-07,1.63E-07,6.96E-06
0.56550001,3.07E-07,0.954179431,5.46E-07,1.61E-07,7.62E-06
0.56600001,2.93E-07,0.95545444,5.20E-07,1.59E-07,8.35E-06
0.56650001,2.89E-07,0.957516896,5.23E-07,1.56E-07,9.34E-06
0.56700001,2.90E-07,0.95975767,5.35E-07,1.53E-07,1.04E-05
0.56750001,3.06E-07,0.962360543,5.75E-07,1.55E-07,1.19E-05
0.56800001,3.28E-07,0.965009931,6.25E-07,1.58E-07,1.36E-05
0.56850001,3.73E-07,0.967642524,7.16E-07,1.68E-07,1.59E-05
0.56900001,4.32E-07,0.970180086,8.25E-07,1.81E-07,1.87E-05
0.56950001,5.52E-07,0.972263008,1.00E-06,2.09E-07,2.30E-05
0.57000001,7.05E-07,0.974156136,1.21E-06,2.42E-07,2.85E-05
0.57050001,1.00E-06,0.975635024,1.54E-06,3.04E-07,3.90E-05
0.57100001,1.61E-06,0.976790787,1.91E-06,3.75E-07,5.16E-05
0.57150001,4.03E-06,0.976653379,2.48E-06,4.79E-07,7.21E-05
0.57200001,7.74E-06,0.976222914,3.14E-06,5.76E-07,0.00013047
0.57250001,1.76E-05,0.975394474,4.09E-06,5.86E-07,0.000420483
0.57300001,2.56E-05,0.974546731,5.17E-06,5.70E-07,0.00071669
0.57350001,1.51E-05,0.974062065,6.69E-06,4.74E-07,0.00080621
0.57400001,3.25E-06,0.973808653,8.68E-06,3.70E-07,0.000811091
0.57450001,1.47E-06,0.974705419,1.31E-05,3.01E-07,0.000486172
0.57500001,1.28E-06,0.976042721,1.67E-05,2.43E-07,0.000149604
0.57550001,1.03E-06,0.979035148,1.25E-05,2.12E-07,8.35E-05
0.57600001,7.93E-07,0.982281029,4.72E-05,1.89E-07,6.15E-05
0.57650001,6.97E-07,0.985466145,0.000336931,1.80E-07,4.77E-05
0.57700001,6.32E-07,0.988520744,0.000603112,1.75E-07,3.58E-05
0.57750001,6.11E-07,0.990811642,0.000453051,1.81E-07,2.97E-05
0.57800001,6.02E-07,0.992729618,0.000249453,1.90E-07,2.48E-05
0.57850001,6.27E-07,0.993081544,0.000132605,2.10E-07,2.15E-05
0.57900001,6.63E-07,0.992833983,4.10E-05,2.32E-07,1.87E-05
0.57950001,7.38E-07,0.990471762,2.39E-05,2.57E-07,1.66E-05
0.58000001,8.30E-07,0.987710222,1.89E-05,2.79E-07,1.47E-05
0.58050001,9.87E-07,0.984817409,1.56E-05,2.79E-07,1.32E-05
0.58100001,1.18E-06,0.982308567,1.28E-05,2.73E-07,1.17E-05
0.58150001,1.50E-06,0.982633588,1.17E-05,2.44E-07,1.05E-05
0.58200001,1.89E-06,0.983845406,1.09E-05,2.12E-07,9.32E-06
0.58250001,2.56E-06,0.987937155,1.08E-05,1.83E-07,8.39E-06
0.58300001,3.39E-06,0.992438312,1.10E-05,1.56E-07,7.52E-06
0.58350001,4.90E-06,0.996663269,1.17E-05,1.38E-07,6.85E-06
0.58400001,6.75E-06,1,1.26E-05,1.24E-07,6.23E-06
0.58450001,1.00E-05,0.997985181,1.45E-05,1.16E-07,5.77E-06
0.58500001,1.37E-05,0.994289347,1.67E-05,1.11E-07,5.37E-06
0.58550001,1.83E-05,0.985358131,2.07E-05,1.12E-07,5.09E-06
0.58600001,2.27E-05,0.976274261,2.58E-05,1.15E-07,4.84E-06
0.58650001,2.42E-05,0.97158441,3.68E-05,1.25E-07,4.71E-06
0.58700001,2.48E-05,0.97046016,4.88E-05,1.39E-07,4.61E-06
0.58750001,2.23E-05,0.987441583,6.28E-05,1.65E-07,4.60E-06
0.58800001,1.93E-05,0.999419509,0.000133333,1.96E-07,4.63E-06
0.58850001,1.62E-05,0.96117241,0.00056074,2.40E-07,4.75E-06
0.58900001,1.32E-05,0.889763672,0.001038724,3.39E-07,4.91E-06
0.58950001,1.10E-05,0.659425141,0.001469312,7.56E-07,5.17E-06
0.59000001,9.00E-06,0.417020645,0.001733569,7.80E-07,5.47E-06
0.59050002,7.65E-06,0.258690972,0.000989386,1.91E-06,5.89E-06
0.59100002,6.46E-06,0.126397554,0.000192158,3.03E-06,6.36E-06
0.59150002,5.67E-06,0.074770788,7.98E-05,5.86E-05,6.99E-06
0.59200002,4.97E-06,0.039156626,7.46E-05,0.000107777,7.68E-06
0.59250002,4.51E-06,0.024425035,5.87E-05,6.48E-05,8.57E-06
0.59300002,4.10E-06,0.013874121,4.22E-05,1.38E-05,9.53E-06
0.59350002,3.81E-06,0.009098732,3.45E-05,5.41E-06,1.08E-05
0.59400002,3.56E-06,0.005518394,2.86E-05,3.86E-06,1.21E-05
0.59450002,3.38E-06,0.003776742,2.47E-05,3.03E-06,1.37E-05
0.59500002,3.21E-06,0.002425089,2.14E-05,2.35E-06,1.54E-05
0.59550002,3.08E-06,0.001717324,1.93E-05,2.02E-06,1.75E-05
0.59600002,2.95E-06,0.00115075,1.73E-05,1.75E-06,1.98E-05
0.59650002,2.84E-06,0.000838129,1.59E-05,1.52E-06,2.27E-05
0.59700002,2.73E-06,0.000582492,1.47E-05,1.29E-06,2.60E-05
0.59750002,2.62E-06,0.000435027,1.38E-05,1.09E-06,3.04E-05
0.59800002,2.51E-06,0.000312263,1.30E-05,9.00E-07,3.54E-05
0.59850002,2.40E-06,0.000238226,1.24E-05,7.65E-07,4.28E-05
0.59900002,2.29E-06,0.000175621,1.19E-05,6.46E-07,5.14E-05
0.59950002,2.19E-06,0.000136878,1.16E-05,5.69E-07,6.54E-05
0.60000002,2.10E-06,0.000103713,1.12E-05,5.03E-07,8.27E-05
0.60050002,2.02E-06,8.21E-05,1.11E-05,4.68E-07,0.00011564
0.60100002,1.94E-06,6.33E-05,1.10E-05,4.40E-07,0.000156794
0.60150002,1.89E-06,5.10E-05,1.10E-05,4.33E-07,0.000235835
0.60200002,1.84E-06,4.02E-05,1.10E-05,4.33E-07,0.000399091
0.60250002,1.82E-06,3.28E-05,1.12E-05,4.55E-07,0.001058121
0.60300002,1.81E-06,2.63E-05,1.14E-05,4.84E-07,0.001854207
0.60350002,1.81E-06,2.18E-05,1.18E-05,5.45E-07,0.003014249
0.60400002,1.83E-06,1.77E-05,1.21E-05,6.15E-07,0.003866936
0.60450002,1.87E-06,1.49E-05,1.26E-05,7.21E-07,0.002413365
0.60500002,1.93E-06,1.23E-05,1.31E-05,8.95E-07,0.000796278
0.60550002,2.02E-06,1.04E-05,1.38E-05,1.46E-06,0.000455095
0.60600002,2.14E-06,8.70E-06,1.46E-05,1.54E-06,0.000325096
0.60650002,2.31E-06,7.45E-06,1.55E-05,2.35E-06,0.000249461
0.60700002,2.50E-06,6.32E-06,1.65E-05,3.16E-06,0.000186667
0.60750002,2.79E-06,5.47E-06,1.78E-05,6.15E-05,0.00015407
0.60800002,3.12E-06,4.69E-06,1.92E-05,8.42E-06,0.000127759
0.60850002,3.61E-06,4.09E-06,2.09E-05,2.34E-05,0.00011118
0.60900002,4.17E-06,3.54E-06,2.27E-05,3.85E-05,9.68E-05
0.60950002,5.02E-06,3.12E-06,2.51E-05,0.011655579,8.70E-05
0.61000002,6.01E-06,2.74E-06,2.76E-05,0.021784666,7.83E-05
0.61050002,7.58E-06,2.43E-06,3.07E-05,0.011670075,7.21E-05
0.61100002,9.42E-06,2.15E-06,3.41E-05,4.84E-05,6.67E-05
0.61150002,1.25E-05,1.92E-06,3.84E-05,2.96E-05,6.29E-05
0.61200002,1.61E-05,1.71E-06,4.30E-05,1.07E-05,5.96E-05
0.61250002,2.24E-05,1.55E-06,4.89E-05,6.31E-05,5.77E-05
0.61300002,3.00E-05,1.40E-06,5.53E-05,4.20E-06,5.61E-05
0.61350002,4.32E-05,1.27E-06,6.37E-05,3.19E-06,5.56E-05
0.61400002,5.86E-05,1.15E-06,7.29E-05,2.17E-06,5.55E-05
0.61450002,8.18E-05,1.06E-06,8.50E-05,2.00E-06,5.67E-05
0.61500002,0.000106077,9.72E-07,9.83E-05,1.35E-06,5.82E-05
0.61550002,0.000128486,8.99E-07,0.0001158,1.12E-06,6.11E-05
0.61600002,0.000147977,8.31E-07,0.000135161,9.72E-07,6.46E-05
0.61650002,0.000150734,7.75E-07,0.000161653,8.75E-07,7.00E-05
0.61700002,0.000149346,7.22E-07,0.000191006,7.92E-07,7.61E-05
0.61750002,0.000138451,6.79E-07,0.000231231,7.52E-07,8.49E-05
0.61800002,0.000126014,6.38E-07,0.000276157,7.25E-07,9.49E-05
0.61850002,0.00011334,6.05E-07,0.000339803,7.26E-07,0.000108725
0.61900002,0.000101042,5.73E-07,0.000411361,7.38E-07,0.000124336
0.61950002,9.14E-05,5.47E-07,0.000514007,7.79E-07,0.000146995
0.62000002,8.26E-05,5.23E-07,0.000630512,8.31E-07,0.000172358
0.62050002,7.67E-05,5.04E-07,0.000802997,9.22E-07,0.000207618
0.62100002,7.16E-05,4.86E-07,0.000999842,1.03E-06,0.000247584
0.62150002,6.92E-05,4.71E-07,0.001293505,1.21E-06,0.000307148
0.62200002,6.76E-05,4.59E-07,0.001632767,1.43E-06,0.000376224
0.62250002,6.86E-05,4.49E-07,0.002161635,1.76E-06,0.000485528
0.62300002,7.05E-05,4.41E-07,0.002779597,2.15E-06,0.00061781
0.62350002,7.52E-05,4.35E-07,0.003768326,2.79E-06,0.000855098
0.62400002,8.08E-05,4.30E-07,0.004938894,3.54E-06,0.001166201
0.62450002,8.94E-05,4.29E-07,0.006883587,4.74E-06,0.001836283
0.62500002,9.86E-05,4.29E-07,0.00922285,6.10E-06,0.002509308
0.62550002,0.000108205,4.33E-07,0.013275057,8.05E-06,0.002831307
0.62600002,0.000116932,4.37E-07,0.018228213,1.02E-05,0.002949615
0.62650002,0.000119246,4.46E-07,0.027153734,1.28E-05,0.002128887
0.62700002,0.000119306,4.57E-07,0.038291788,1.57E-05,0.001235247
0.62750002,0.000111505,4.74E-07,0.059430603,1.90E-05,0.000830639
0.62800002,0.000102309,4.93E-07,0.086049379,2.31E-05,0.00052878
0.62850002,9.22E-05,5.19E-07,0.137267759,3.11E-05,0.000388738
0.62900002,8.25E-05,5.49E-07,0.200258781,3.83E-05,0.000281792
0.62950002,7.56E-05,5.92E-07,0.312692408,3.83E-05,0.00022469
0.63000002,6.97E-05,6.40E-07,0.436666231,9.39E-05,0.000178441
0.63050002,6.69E-05,7.09E-07,0.58286432,0.000507615,0.000151888
0.63100002,6.49E-05,7.87E-07,0.722687152,0.00089646,0.000129795
0.63150002,6.60E-05,9.05E-07,0.798357397,0.000763745,0.000116584
0.63200002,6.80E-05,1.04E-06,0.856112718,0.000543557,0.00010551
0.63250002,7.34E-05,1.26E-06,0.864077634,0.000295611,9.92E-05
0.63300002,8.03E-05,1.53E-06,0.86338481,7.26E-05,9.43E-05
0.63350002,9.26E-05,1.97E-06,0.857637746,3.64E-05,9.26E-05
0.63400002,0.000107197,2.61E-06,0.852020764,2.99E-05,9.20E-05
0.63450002,0.000131357,4.37E-06,0.852250573,2.39E-05,9.42E-05
0.63500002,0.000159437,5.93E-06,0.853954754,1.85E-05,9.75E-05
0.63550002,0.000202604,5.47E-06,0.859115854,1.61E-05,0.000103904
0.63600002,0.00024918,2.76E-05,0.864820825,1.45E-05,0.000111642
0.63650002,0.000301808,0.000194364,0.870452993,1.38E-05,0.000124325
0.63700002,0.000350769,0.000337653,0.875746768,1.35E-05,0.000138835
0.63750002,0.000369955,0.000186425,0.878893038,1.39E-05,0.000159855
0.63800002,0.000379642,1.31E-05,0.881382775,1.46E-05,0.000183816
0.63850002,0.000358875,8.51E-06,0.881771245,1.63E-05,0.000219699
0.63900002,0.000332841,3.95E-06,0.881753057,1.84E-05,0.000260267
0.63950002,0.000304063,3.50E-06,0.88110613,2.23E-05,0.0003182
0.64000002,0.000275622,1.93E-06,0.880558982,2.69E-05,0.000383118
0.64050002,0.000252147,1.47E-06,0.880904592,3.34E-05,0.000474155
0.64100002,0.000229867,1.19E-06,0.881566789,4.76E-05,0.000574948
0.64150002,0.000210345,9.96E-07,0.882965575,0.000107272,0.000710005
0.64200002,0.000191684,8.30E-07,0.884623722,0.00011043,0.000858565
0.64250002,0.000175942,7.28E-07,0.887023968,0.000275697,0.001056225
0.64300002,0.000161082,6.41E-07,0.889612512,0.000441561,0.001265571
0.64350002,0.000149085,5.82E-07,0.892562056,0.008484833,0.001495943
0.64400002,0.000138115,5.31E-07,0.895578909,0.015534888,0.001693543
0.64450002,0.000130947,4.96E-07,0.898604686,0.00879758,0.001658104
0.64500002,0.000125071,4.66E-07,0.90158989,0.000949924,0.001550962
0.64550002,0.000123674,4.45E-07,0.904267327,6.78E-05,0.00122472
0.64600002,0.000123741,4.28E-07,0.906715535,0.000257407,0.000879608
0.64650002,0.00012864,4.17E-07,0.907990347,0.000208682,0.00064028
0.64700002,0.000135416,4.08E-07,0.909099111,0.000127315,0.000432309
0.64750002,0.0001492,4.05E-07,0.910320826,9.76E-05,0.00031997
0.64800002,0.000164828,4.04E-07,0.911503708,7.71E-05,0.000228759
0.64850002,0.000184894,4.06E-07,0.912291858,6.34E-05,0.000177303
0.64900002,0.000203674,4.10E-07,0.913028498,5.12E-05,0.000134746
0.64950002,0.000209531,4.16E-07,0.91376698,4.31E-05,0.000109667
0.65000002,0.000209608,4.24E-07,0.914666307,3.59E-05,8.85E-05
0.65050002,0.000185936,4.34E-07,0.916402205,3.09E-05,7.52E-05
0.65100002,0.000158385,4.45E-07,0.918362812,2.64E-05,6.37E-05
0.65150002,0.000130421,4.59E-07,0.920710319,2.33E-05,5.62E-05
0.65200002,0.000103762,4.74E-07,0.923127338,2.05E-05,4.96E-05
0.65250002,8.61E-05,4.90E-07,0.925505659,1.85E-05,4.53E-05
0.65300002,7.09E-05,5.07E-07,0.927956051,1.67E-05,4.15E-05
0.65350002,6.17E-05,5.26E-07,0.93085765,1.55E-05,3.91E-05
0.65400002,5.39E-05,5.45E-07,0.933766654,1.44E-05,3.70E-05
0.65450002,4.94E-05,5.68E-07,0.936236343,1.37E-05,3.58E-05
0.65500002,4.56E-05,5.91E-07,0.938647458,1.31E-05,3.48E-05
0.65550002,4.35E-05,6.18E-07,0.941119058,1.28E-05,3.45E-05
0.65600002,4.18E-05,6.46E-07,0.943533431,1.25E-05,3.44E-05
0.65650002,4.05E-05,6.80E-07,0.945523061,1.24E-05,3.48E-05
0.65700002,3.91E-05,7.17E-07,0.947448946,1.24E-05,3.54E-05
0.65750002,3.68E-05,7.63E-07,0.949424482,1.25E-05,3.64E-05
0.65800002,3.42E-05,8.13E-07,0.951322642,1.27E-05,3.76E-05
0.65850002,3.03E-05,8.79E-07,0.952745093,1.31E-05,3.91E-05
0.65900002,2.62E-05,9.51E-07,0.954129819,1.36E-05,4.07E-05
0.65950002,2.22E-05,1.05E-06,0.955910677,1.41E-05,4.24E-05
0.66000002,1.82E-05,1.15E-06,0.957684931,1.48E-05,4.41E-05
0.66050002,1.51E-05,1.31E-06,0.959361386,1.56E-05,4.57E-05
0.66100002,1.23E-05,1.48E-06,0.960887438,1.65E-05,4.72E-05
0.66150002,1.03E-05,1.73E-06,0.961905517,1.75E-05,4.84E-05
0.66200002,8.62E-06,2.02E-06,0.962891962,1.86E-05,4.95E-05
0.66250002,7.47E-06,2.47E-06,0.96434173,1.99E-05,5.03E-05
0.66300002,6.46E-06,3.01E-06,0.965775442,2.13E-05,5.10E-05
0.66350002,5.80E-06,3.92E-06,0.966709131,2.30E-05,5.17E-05
0.66400002,5.22E-06,5.05E-06,0.967629103,2.48E-05,5.24E-05
0.66450002,4.86E-06,7.18E-06,0.969003763,2.68E-05,5.34E-05
0.66500002,4.56E-06,1.00E-05,0.97044285,2.89E-05,5.45E-05
0.66550002,4.42E-06,1.65E-05,0.971850729,3.14E-05,5.64E-05
0.66600002,4.32E-06,2.55E-05,0.973240387,3.41E-05,5.87E-05
0.66650002,4.36E-06,4.74E-05,0.974568211,3.73E-05,6.21E-05
0.66700002,4.44E-06,6.70E-05,0.976016238,4.07E-05,6.62E-05
0.66750002,4.69E-06,5.98E-05,0.978319862,4.48E-05,7.26E-05
0.66800002,5.00E-06,4.79E-05,0.98074321,4.92E-05,8.00E-05
0.66850002,5.55E-06,3.38E-05,0.983115389,5.45E-05,9.17E-05
0.66900002,6.21E-06,2.07E-05,0.985387652,6.02E-05,0.000105449
0.66950002,7.34E-06,1.53E-05,0.98720649,6.73E-05,0.000128183
0.67000002,8.71E-06,1.14E-05,0.988832407,7.50E-05,0.000155492
0.67050002,1.11E-05,9.39E-06,0.990012251,8.44E-05,0.000202836
0.67100002,1.42E-05,7.74E-06,0.990937308,9.46E-05,0.000268624
0.67150002,2.15E-05,6.78E-06,0.99102156,0.000107477,0.000430666
0.67200002,2.94E-05,5.98E-06,0.990821558,0.000121419,0.000601191
0.67250002,3.79E-05,5.49E-06,0.989813427,0.000139527,0.000750108
0.67300002,9.45E-05,5.08E-06,0.988588657,0.000159146,0.002311544
0.67350002,0.000453462,4.82E-06,0.986883965,0.000184044,0.012793112
0.67400002,0.000774557,4.59E-06,0.985287498,0.000211212,0.021865136
0.67450002,0.000553291,4.44E-06,0.984911142,0.000247313,0.013001528
0.67500002,0.000272203,4.31E-06,0.984976029,0.000286854,0.002658742
0.67550002,0.000156354,4.22E-06,0.986646171,0.00033901,0.001034647
0.67600002,7.59E-05,4.14E-06,0.988683437,0.000396372,0.000800174
0.67650002,5.33E-05,4.07E-06,0.991467752,0.000473774,0.00058651
0.67700002,4.06E-05,4.01E-06,0.994382591,0.000559315,0.000388993
0.67750002,3.42E-05,3.95E-06,0.997422479,0.000675925,0.000296628
0.67800002,2.92E-05,3.88E-06,1,0.000805531,0.000224815
0.67850002,2.66E-05,3.82E-06,0.999645466,0.000985829,0.000178397
0.67900002,2.46E-05,3.75E-06,0.998296485,0.001187386,0.000137903
0.67950002,2.32E-05,3.69E-06,0.993911011,0.001472403,0.000110075
0.68000002,2.19E-05,3.63E-06,0.988989907,0.001792901,8.54E-05
0.68050002,2.03E-05,3.59E-06,0.984475853,0.002254976,6.83E-05
0.68100002,1.87E-05,3.56E-06,0.980946283,0.002776749,5.32E-05
0.68150002,1.66E-05,3.55E-06,0.983962181,0.003537357,4.28E-05
0.68200002,1.45E-05,3.56E-06,0.988739623,0.004404357,3.36E-05
0.68250002,1.23E-05,3.62E-06,0.998285975,0.005710338,2.75E-05
0.68300002,1.02E-05,3.69E-06,0.999371841,0.007216821,2.20E-05
0.68350002,8.56E-06,3.83E-06,0.942091939,0.009561511,1.83E-05
0.68400002,7.05E-06,3.98E-06,0.858360514,0.012275905,1.50E-05
0.68450002,5.97E-06,4.22E-06,0.665670825,0.016507416,1.26E-05
0.68500002,5.01E-06,4.50E-06,0.463426766,0.021467886,1.06E-05
0.68550002,4.34E-06,4.93E-06,0.309020916,0.029554273,9.13E-06
0.68600002,3.74E-06,5.41E-06,0.1736559,0.039125424,7.83E-06
0.68650002,3.34E-06,6.12E-06,0.110236461,0.055024781,6.89E-06
0.68700002,2.98E-06,6.92E-06,0.062307295,0.073907087,6.04E-06
0.68750002,2.73E-06,8.10E-06,0.040446497,0.105450728,5.42E-06
0.68800002,2.51E-06,9.45E-06,0.024033892,0.142805359,4.86E-06
0.68850002,2.37E-06,1.15E-05,0.016172134,0.204469964,4.44E-06
0.68900002,2.25E-06,1.37E-05,0.010123278,0.27521301,4.06E-06
0.68950002,2.19E-06,1.66E-05,0.007043015,0.379349932,3.78E-06
0.69000002,2.14E-06,1.95E-05,0.004607387,0.490960089,3.52E-06
0.69050002,2.13E-06,2.22E-05,0.003296876,0.616779926,3.33E-06
0.69100002,2.15E-06,2.44E-05,0.002236303,0.74000041,3.16E-06
0.69150002,2.20E-06,2.41E-05,0.001636756,0.832943963,3.05E-06
0.69200002,2.28E-06,2.32E-05,0.001142667,0.914452619,2.94E-06
0.69250002,2.40E-06,2.06E-05,0.000856421,0.954137103,2.87E-06
0.69300002,2.55E-06,1.79E-05,0.000617454,0.983971306,2.82E-06
0.69350002,2.78E-06,1.55E-05,0.000470435,0.993286512,2.81E-06
0.69400002,3.04E-06,1.33E-05,0.000345378,0.99854905,2.81E-06
0.69450002,3.40E-06,1.17E-05,0.000267528,0.998598077,2.84E-06
0.69500002,3.79E-06,1.03E-05,0.000200829,0.997876688,2.89E-06
0.69550002,4.33E-06,9.37E-06,0.000157545,0.997445951,2.97E-06
0.69600002,4.90E-06,8.55E-06,0.000120011,0.997196137,3.06E-06
0.69650002,5.59E-06,8.04E-06,9.55E-05,0.99779845,3.20E-06
0.69700002,6.28E-06,7.60E-06,7.41E-05,0.998523181,3.35E-06
0.69750002,6.86E-06,7.38E-06,5.96E-05,0.999203747,3.57E-06
0.69800002,7.35E-06,7.22E-06,4.68E-05,0.999802736,3.80E-06
0.69850002,7.34E-06,7.24E-06,3.81E-05,1,4.12E-06
0.69900002,7.17E-06,7.30E-06,3.03E-05,0.99996634,4.46E-06
0.69950002,6.55E-06,7.53E-06,2.48E-05,0.99902567,4.91E-06
0.70000002,5.85E-06,7.82E-06,2.00E-05,0.997880889,5.39E-06
0.70050002,5.10E-06,8.31E-06,1.66E-05,0.996699949,6.02E-06
0.70100002,4.36E-06,8.87E-06,1.35E-05,0.995449688,6.70E-06
0.70150002,3.76E-06,9.69E-06,1.13E-05,0.994143651,7.55E-06
0.70200002,3.20E-06,1.06E-05,9.29E-06,0.992797305,8.45E-06
0.70250002,2.79E-06,1.19E-05,7.82E-06,0.991399782,9.52E-06
0.70300002,2.42E-06,1.33E-05,6.50E-06,0.990047166,1.06E-05
0.70350002,2.15E-06,1.53E-05,5.52E-06,0.989092652,1.18E-05
0.70400002,1.90E-06,1.76E-05,4.63E-06,0.988259779,1.28E-05
0.70450002,1.72E-06,2.08E-05,3.96E-06,0.987829026,1.36E-05
0.70500002,1.56E-06,2.42E-05,3.35E-06,0.987453536,1.43E-05
0.70550002,1.44E-06,2.92E-05,2.88E-06,0.987046784,1.44E-05
0.70600002,1.33E-06,3.46E-05,2.46E-06,0.986632737,1.44E-05
0.70650002,1.25E-06,4.20E-05,2.13E-06,0.986217714,1.39E-05
0.70700002,1.18E-06,5.01E-05,1.83E-06,0.985799599,1.33E-05
0.70750002,1.14E-06,6.10E-05,1.59E-06,0.98537576,1.25E-05
0.70800002,1.09E-06,7.28E-05,1.38E-06,0.984951441,1.17E-05
0.70850002,1.07E-06,8.78E-05,1.21E-06,0.984548543,1.09E-05
0.70900002,1.05E-06,0.000104054,1.05E-06,0.984077795,1.01E-05
0.70950002,1.05E-06,0.000124522,9.26E-07,0.983191826,9.41E-06
0.71000002,1.05E-06,0.000146173,8.14E-07,0.982160116,8.78E-06
0.71050002,1.06E-06,0.000171487,7.21E-07,0.980694247,8.29E-06
0.71100002,1.08E-06,0.000197169,6.35E-07,0.979157319,7.83E-06
0.71150002,1.11E-06,0.000222024,5.67E-07,0.977669715,7.48E-06
0.71200002,1.15E-06,0.000243481,5.02E-07,0.97611178,7.16E-06
0.71250002,1.20E-06,0.000244782,4.50E-07,0.974087728,6.94E-06
0.71300002,1.25E-06,0.000239205,4.01E-07,0.972062767,6.74E-06
0.71350002,1.30E-06,0.000210257,3.61E-07,0.970500912,6.62E-06
0.71400002,1.36E-06,0.000177775,3.24E-07,0.968997247,6.53E-06
0.71450002,1.41E-06,0.000145552,2.93E-07,0.967402955,6.51E-06
0.71500002,1.45E-06,0.000114848,2.65E-07,0.965930784,6.51E-06
0.71550002,1.47E-06,9.28E-05,2.41E-07,0.965318464,6.56E-06
0.71600002,1.48E-06,7.32E-05,2.18E-07,0.96482608,6.64E-06
0.71650002,1.45E-06,6.05E-05,2.00E-07,0.964243931,6.79E-06
0.71700002,1.41E-06,4.95E-05,1.82E-07,0.96371271,6.96E-06
0.71750002,1.34E-06,4.22E-05,1.67E-07,0.963604716,7.20E-06
0.71800002,1.26E-06,3.59E-05,1.52E-07,0.963563248,7.46E-06
0.71850002,1.17E-06,3.16E-05,1.41E-07,0.963538404,7.81E-06
0.71900002,1.08E-06,2.79E-05,1.30E-07,0.963388396,8.18E-06
0.71950002,1.00E-06,2.54E-05,1.20E-07,0.962463953,8.65E-06
0.72000002,9.22E-07,2.32E-05,1.10E-07,0.961223186,9.15E-06
0.72050002,8.55E-07,2.18E-05,1.02E-07,0.958811851,9.78E-06
0.72100002,7.93E-07,2.05E-05,9.52E-08,0.956088723,1.05E-05
0.72150002,7.46E-07,1.98E-05,8.87E-08,0.952604029,1.13E-05
0.72200002,7.03E-07,1.92E-05,8.24E-08,0.948996057,1.21E-05
0.72250002,6.73E-07,1.90E-05,7.69E-08,0.945366516,1.33E-05
0.72300002,6.47E-07,1.89E-05,7.17E-08,0.941909725,1.44E-05
0.72350002,6.33E-07,1.92E-05,6.69E-08,0.939553189,1.59E-05
0.72400002,6.22E-07,1.97E-05,6.24E-08,0.937728436,1.74E-05
0.72450002,6.22E-07,2.05E-05,5.84E-08,0.938164366,1.93E-05
0.72500002,6.26E-07,2.16E-05,5.45E-08,0.93931712,2.13E-05
0.72550002,6.42E-07,2.31E-05,5.11E-08,0.94275297,2.39E-05
0.72600002,6.63E-07,2.48E-05,4.77E-08,0.945681087,2.66E-05
0.72650002,6.98E-07,2.71E-05,4.47E-08,0.943115426,3.00E-05
0.72700002,7.40E-07,2.96E-05,4.18E-08,0.935762674,3.36E-05
0.72750002,8.03E-07,3.29E-05,3.92E-08,0.903501273,3.80E-05
0.72800002,8.74E-07,3.64E-05,3.67E-08,0.860104544,4.28E-05
0.72850002,9.80E-07,4.05E-05,3.45E-08,0.770737123,4.89E-05
0.72900002,1.10E-06,4.47E-05,3.23E-08,0.670678028,5.53E-05
0.72950002,1.28E-06,4.88E-05,3.05E-08,0.547862311,6.32E-05
0.73000002,1.49E-06,5.25E-05,2.87E-08,0.42525074,7.17E-05
0.73050002,1.81E-06,5.47E-05,2.71E-08,0.325256253,8.22E-05
0.73100002,2.18E-06,5.62E-05,2.55E-08,0.233982103,9.35E-05
0.73150002,2.80E-06,5.54E-05,2.42E-08,0.174348284,0.000107268
0.73200002,3.54E-06,5.39E-05,2.30E-08,0.122913317,0.000121938
0.73250002,4.84E-06,5.10E-05,2.20E-08,0.09135032,0.000139776
0.73300002,6.46E-06,4.79E-05,2.09E-08,0.064645531,0.000158661
0.73350002,9.61E-06,4.46E-05,2.01E-08,0.048680536,0.000181174
0.73400002,1.37E-05,4.13E-05,1.93E-08,0.035231961,0.000205012
0.73450002,2.27E-05,3.85E-05,1.86E-08,0.026918001,0.000233815
0.73500002,3.53E-05,3.58E-05,1.80E-08,0.01984038,0.000264189
0.73550002,6.67E-05,3.38E-05,1.75E-08,0.015423745,0.00029979
0.73600002,0.000110598,3.20E-05,1.71E-08,0.011638271,0.000337196
0.73650002,0.000216712,3.08E-05,1.68E-08,0.009169754,0.000381108
0.73700002,0.000364294,2.98E-05,1.65E-08,0.00702616,0.000427186
0.73750002,0.000712895,2.92E-05,1.64E-08,0.00561186,0.000480876
0.73800002,0.001018969,2.88E-05,1.63E-08,0.004375943,0.000537273
0.73850002,0.000865498,2.88E-05,1.62E-08,0.003533376,0.000603712
0.73900002,0.000633385,2.90E-05,1.62E-08,0.002790173,0.000673723
0.73950002,0.000358021,2.97E-05,1.63E-08,0.002278565,0.000757037
0.74000002,0.000107849,3.05E-05,1.65E-08,0.001824884,0.000844818
0.74050002,5.21E-05,3.18E-05,1.68E-08,0.001503646,0.000948738
0.74100002,2.90E-05,3.32E-05,1.71E-08,0.001216469,0.001058586
0.74150002,1.87E-05,3.52E-05,1.75E-08,0.001010211,0.001191477
0.74200002,1.10E-05,3.75E-05,1.80E-08,0.000824999,0.001332754
0.74250002,7.72E-06,4.05E-05,1.85E-08,0.000690226,0.001506075
0.74300002,5.28E-06,4.38E-05,1.92E-08,0.000568661,0.001690197
0.74350002,3.98E-06,4.80E-05,2.00E-08,0.000478915,0.001913254
0.74400002,2.94E-06,5.25E-05,2.08E-08,0.000397593,0.002151326
0.74450002,2.33E-06,5.82E-05,2.18E-08,0.00033685,0.002448838
0.74500002,1.83E-06,6.43E-05,2.28E-08,0.000281679,0.002768063
0.74550002,1.51E-06,7.18E-05,2.40E-08,0.000240545,0.003169719
0.74600002,1.25E-06,7.96E-05,2.53E-08,0.00020306,0.003602138
0.74650002,1.06E-06,8.87E-05,2.67E-08,0.000174188,0.004152815
0.74700002,9.03E-07,9.80E-05,2.82E-08,0.000147722,0.004746061
0.74750002,7.91E-07,0.000108186,2.99E-08,0.000127551,0.005498674
0.74800002,6.92E-07,0.000118304,3.16E-08,0.000109091,0.006312137
0.74850002,6.19E-07,0.000127645,3.36E-08,9.49E-05,0.007362495
0.74900002,5.52E-07,0.000136608,3.57E-08,8.19E-05,0.008505893
0.74950002,5.01E-07,0.000144194,3.80E-08,7.18E-05,0.010015764
0.75000002,4.54E-07,0.000151274,4.03E-08,6.24E-05,0.01165629
0.75050002,4.17E-07,0.000156681,4.30E-08,5.50E-05,0.013775899
0.75100002,3.83E-07,0.000161538,4.58E-08,4.82E-05,0.016091217
0.75150002,3.55E-07,0.000164664,4.90E-08,4.28E-05,0.019188654
0.75200002,3.28E-07,0.000167463,5.23E-08,3.78E-05,0.022579129
0.75250002,3.06E-07,0.000169975,5.62E-08,3.38E-05,0.027076812
0.75300002,2.85E-07,0.000172486,6.02E-08,3.01E-05,0.032035449
0.75350002,2.67E-07,0.000175326,6.50E-08,2.70E-05,0.038855718
0.75400002,2.51E-07,0.000178297,7.01E-08,2.42E-05,0.046400642
0.75450002,2.37E-07,0.00018184,7.61E-08,2.19E-05,0.056748376
0.75500002,2.25E-07,0.000185717,8.24E-08,1.97E-05,0.068214091
0.75550002,2.14E-07,0.000191232,8.97E-08,1.80E-05,0.084070962
0.75600002,2.05E-07,0.000197215,9.75E-08,1.63E-05,0.101636376
0.75650002,1.99E-07,0.000204666,1.07E-07,1.49E-05,0.125805633
0.75700002,1.93E-07,0.000212726,1.18E-07,1.35E-05,0.152633213
0.75750002,1.91E-07,0.000223353,1.29E-07,1.24E-05,0.189953454
0.75800002,1.89E-07,0.000234662,1.41E-07,1.14E-05,0.231017633
0.75850002,1.91E-07,0.000247982,1.55E-07,1.04E-05,0.285679145
0.75900002,1.93E-07,0.000262114,1.69E-07,9.57E-06,0.344794599
0.75950002,2.01E-07,0.000279674,1.86E-07,8.82E-06,0.419015473
0.76000002,2.10E-07,0.000298292,2.04E-07,8.11E-06,0.496874875
0.76050002,2.26E-07,0.000320527,2.26E-07,7.47E-06,0.583195214
0.76100002,2.44E-07,0.000343929,2.49E-07,6.86E-06,0.669914366
0.76150002,2.73E-07,0.000371502,2.80E-07,6.32E-06,0.751140639
0.76200002,3.08E-07,0.000400499,3.15E-07,5.80E-06,0.828329745
0.76250002,3.63E-07,0.000434883,3.67E-07,5.34E-06,0.885845314
0.76300002,4.26E-07,0.000471055,4.32E-07,4.90E-06,0.93670792
0.76350002,5.20E-07,0.000513857,5.57E-07,4.52E-06,0.965372323
0.76400002,6.16E-07,0.000558597,7.00E-07,4.14E-06,0.98813244
0.76450002,6.94E-07,0.000609856,9.04E-07,3.81E-06,0.995787389
0.76500002,7.47E-07,0.00066289,1.62E-06,3.49E-06,1
0.76550002,6.66E-07,0.000721669,5.53E-06,3.21E-06,0.997496563
0.76600002,5.60E-07,0.000781319,8.98E-06,2.94E-06,0.993658851
0.76650002,4.31E-07,0.000841899,6.45E-06,2.71E-06,0.988040922
0.76700002,3.07E-07,0.000900251,3.25E-06,2.49E-06,0.982280791
0.76750002,2.32E-07,0.000944773,1.71E-06,2.30E-06,0.97737235
0.76800002,1.69E-07,0.000982715,5.72E-07,2.12E-06,0.972918292
0.76850002,1.31E-07,0.000993682,3.11E-07,1.96E-06,0.970498916
0.76900002,1.00E-07,0.000993924,1.96E-07,1.81E-06,0.968549571
0.76950002,8.13E-08,0.000953504,1.37E-07,1.68E-06,0.967624559
0.77000002,6.51E-08,0.000903609,9.02E-08,1.55E-06,0.967072785
0.77050002,5.47E-08,0.000833578,6.72E-08,1.45E-06,0.968065962
0.77100002,4.57E-08,0.000759671,4.92E-08,1.35E-06,0.96938235
0.77150002,3.95E-08,0.000679893,3.86E-08,1.27E-06,0.971421166
0.77200002,3.41E-08,0.00060083,2.98E-08,1.19E-06,0.973548835
0.77250002,3.03E-08,0.000530415,2.43E-08,1.12E-06,0.975633043
0.77300002,2.68E-08,0.000463489,1.97E-08,1.06E-06,0.977634059
0.77350002,2.43E-08,0.000408507,1.65E-08,1.00E-06,0.979217892
0.77400002,2.20E-08,0.000357293,1.38E-08,9.52E-07,0.980673914
0.77450002,2.03E-08,0.000316862,1.19E-08,9.11E-07,0.981773598
0.77500002,1.87E-08,0.000279511,1.02E-08,8.72E-07,0.982689571
0.77550002,1.75E-08,0.000250085,9.00E-09,8.38E-07,0.982820628
0.77600002,1.63E-08,0.000222922,7.90E-09,8.05E-07,0.98270369
0.77650002,1.53E-08,0.00020159,7.10E-09,7.79E-07,0.981807555
0.77700002,1.43E-08,0.000181938,6.37E-09,7.54E-07,0.980737192
0.77750002,1.35E-08,0.000166669,5.83E-09,7.34E-07,0.979325674
0.77800002,1.26E-08,0.00015259,5.33E-09,7.15E-07,0.977804752
0.77850002,1.18E-08,0.000141359,4.95E-09,7.00E-07,0.975892589
0.77900002,1.11E-08,0.000130984,4.61E-09,6.86E-07,0.973941408
0.77950002,1.02E-08,0.00012295,4.35E-09,6.76E-07,0.972047595
0.78000002,9.41E-09,0.00011553,4.12E-09,6.67E-07,0.970202188
0.78050002,8.63E-09,0.000109495,3.94E-09,6.61E-07,0.968416369
0.78100002,7.86E-09,0.000103932,3.79E-09,6.55E-07,0.966669704
0.78150002,7.12E-09,9.98E-05,3.68E-09,6.52E-07,0.964925182
0.78200002,6.40E-09,9.61E-05,3.59E-09,6.51E-07,0.963259353
0.78250002,5.75E-09,9.32E-05,3.53E-09,6.51E-07,0.962005857
0.78300002,5.12E-09,9.06E-05,3.49E-09,6.51E-07,0.960887649
0.78350002,4.58E-09,8.91E-05,3.48E-09,6.54E-07,0.960176038
0.78400002,4.07E-09,8.80E-05,3.49E-09,6.57E-07,0.95952218
0.78450002,3.64E-09,8.73E-05,3.54E-09,6.62E-07,0.958814876
0.78500002,3.23E-09,8.69E-05,3.60E-09,6.68E-07,0.958168764
0.78550002,2.90E-09,8.73E-05,3.70E-09,6.76E-07,0.95795434
0.78600002,2.59E-09,8.79E-05,3.82E-09,6.83E-07,0.957799679
0.78650002,2.34E-09,8.94E-05,3.98E-09,6.93E-07,0.957588499
0.78700002,2.11E-09,9.11E-05,4.17E-09,7.02E-07,0.957437276
0.78750002,1.92E-09,9.33E-05,4.42E-09,7.12E-07,0.957713917
0.78800002,1.75E-09,9.57E-05,4.69E-09,7.22E-07,0.958062547
0.78850002,1.61E-09,9.96E-05,5.06E-09,7.33E-07,0.958420352
0.78900002,1.47E-09,0.000103833,5.46E-09,7.45E-07,0.958717834
0.78950002,1.37E-09,0.000108741,5.99E-09,7.57E-07,0.958580499
0.79000002,1.27E-09,0.00011401,6.58E-09,7.68E-07,0.958475286
0.79050002,1.19E-09,0.000120959,7.37E-09,7.80E-07,0.958886769
0.79100002,1.12E-09,0.000128348,8.25E-09,7.92E-07,0.959334141
0.79150002,1.06E-09,0.000136964,9.45E-09,8.03E-07,0.959374608
0.79200002,1.01E-09,0.00014609,1.08E-08,8.15E-07,0.959297673
0.79250002,9.68E-10,0.000157373,1.27E-08,8.26E-07,0.958837688
0.79300002,9.30E-10,0.00016929,1.50E-08,8.36E-07,0.958325531
0.79350002,9.02E-10,0.000183276,1.82E-08,8.47E-07,0.957843641
0.79400002,8.77E-10,0.000197878,2.20E-08,8.57E-07,0.957367257
0.79450002,8.61E-10,0.000214568,2.78E-08,8.64E-07,0.956887685
0.79500002,8.48E-10,0.000231793,3.48E-08,8.73E-07,0.956412228
0.79550002,8.45E-10,0.000250616,4.65E-08,8.85E-07,0.955966865
0.79600002,8.45E-10,0.000269584,6.07E-08,8.97E-07,0.955452312
0.79650002,8.50E-10,0.000288205,8.63E-08,9.05E-07,0.954482855
0.79700002,8.58E-10,0.00030638,1.18E-07,9.13E-07,0.953512316
0.79750002,8.75E-10,0.000322414,1.78E-07,9.20E-07,0.953011091
0.79800002,8.96E-10,0.000337384,2.44E-07,9.28E-07,0.952501136
0.79850002,9.24E-10,0.000348061,3.18E-07,9.40E-07,0.951521557
0.79900002,9.57E-10,0.00035718,3.80E-07,9.52E-07,0.950448065
0.79950002,1.01E-09,0.000360951,3.52E-07,9.64E-07,0.949366749
0.80000002,1.07E-09,0.000363143,3.08E-07,9.76E-07,0.94822262
0.80050002,1.14E-09,0.000360843,2.51E-07,9.92E-07,0.946958635
0.80100003,1.22E-09,0.000357424,1.95E-07,1.01E-06,0.945698109
0.80150003,1.33E-09,0.000351461,1.62E-07,1.03E-06,0.944845473
0.80200003,1.45E-09,0.000344951,1.33E-07,1.05E-06,0.943959942
0.80250003,1.62E-09,0.000337438,1.16E-07,1.07E-06,0.942579387
0.80300003,1.81E-09,0.000329881,1.01E-07,1.10E-06,0.941187378
0.80350003,2.07E-09,0.000322914,9.28E-08,1.13E-06,0.940264588
0.80400003,2.37E-09,0.000316273,8.56E-08,1.17E-06,0.939336446
0.80450003,2.83E-09,0.000310979,8.14E-08,1.21E-06,0.937930781
0.80500003,3.36E-09,0.000306107,7.81E-08,1.26E-06,0.936519495
0.80550003,4.22E-09,0.000302475,7.69E-08,1.32E-06,0.935553456
0.80600003,5.22E-09,0.000299338,7.63E-08,1.38E-06,0.934653825
0.80650003,6.78E-09,0.000298044,7.73E-08,1.45E-06,0.933725838
0.80700003,9.38E-09,0.000297236,7.90E-08,1.53E-06,0.932797118
0.80750003,1.79E-08,0.000297655,8.25E-08,1.63E-06,0.931876587
0.80800003,2.18E-08,0.000298431,8.66E-08,1.73E-06,0.930966467
0.80850003,5.74E-08,0.000300253,9.27E-08,1.87E-06,0.930072882
0.80900003,9.29E-08,0.000302235,9.95E-08,2.01E-06,0.929197222
0.80950003,1.04E-06,0.000304212,1.09E-07,2.19E-06,0.928326255
0.81000003,1.85E-06,0.000306045,1.20E-07,2.39E-06,0.927566315
0.81050003,1.02E-06,0.000306947,1.35E-07,2.64E-06,0.927285677
0.81100003,7.81E-08,0.000307315,1.52E-07,2.90E-06,0.927115177
0.81150003,5.05E-08,0.000305195,1.76E-07,3.24E-06,0.926948849
0.81200003,2.30E-08,0.000302189,2.02E-07,3.62E-06,0.926799905
0.81250003,2.01E-08,0.000295986,2.40E-07,4.10E-06,0.926666897
0.81300003,1.14E-08,0.000288799,2.84E-07,4.63E-06,0.926543373
0.81350003,8.79E-09,0.000278441,3.47E-07,5.32E-06,0.92642545
0.81400003,7.20E-09,0.000267231,4.19E-07,6.07E-06,0.926310734
0.81450003,6.13E-09,0.0002536,5.27E-07,7.05E-06,0.926197543
0.81500003,5.20E-09,0.000239485,6.51E-07,8.12E-06,0.926084334
0.81550003,4.62E-09,0.000224481,8.40E-07,9.49E-06,0.925969888
0.81600003,4.13E-09,0.000209427,1.06E-06,1.10E-05,0.925852525
0.81650003,3.81E-09,0.000194686,1.40E-06,1.28E-05,0.925730701
0.81700003,3.53E-09,0.000180234,1.78E-06,1.46E-05,0.925601285
0.81750003,3.35E-09,0.000167063,2.35E-06,1.66E-05,0.925458812
0.81800003,3.20E-09,0.000154405,2.97E-06,1.85E-05,0.925304499
0.81850003,3.11E-09,0.000143507,3.79E-06,2.01E-05,0.92515399
0.81900003,3.05E-09,0.000133143,4.66E-06,2.14E-05,0.924907425
0.81950003,3.04E-09,0.000124236,5.63E-06,2.19E-05,0.924199618
0.82000003,3.04E-09,0.000115762,6.62E-06,2.20E-05,0.923357201
0.82050003,3.10E-09,0.000108456,7.69E-06,2.13E-05,0.922467652
0.82100003,3.18E-09,0.000101588,8.81E-06,2.03E-05,0.921443396
0.82150003,3.31E-09,9.62E-05,1.03E-05,1.88E-05,0.919958285
0.82200003,3.47E-09,9.12E-05,1.20E-05,1.73E-05,0.918382989
0.82250003,3.71E-09,8.69E-05,1.47E-05,1.57E-05,0.916838211
0.82300003,3.98E-09,8.28E-05,1.81E-05,1.41E-05,0.915227877
0.82350003,4.38E-09,7.94E-05,2.45E-05,1.27E-05,0.913233293
0.82400003,4.82E-09,7.63E-05,3.30E-05,1.14E-05,0.91111055
0.82450003,5.46E-09,7.39E-05,5.14E-05,1.02E-05,0.908583432
0.82500003,6.20E-09,7.16E-05,6.89E-05,9.10E-06,0.90606006
0.82550003,7.31E-09,6.99E-05,7.07E-05,8.19E-06,0.903963104
0.82600003,8.61E-09,6.82E-05,6.74E-05,7.34E-06,0.901922974
0.82650003,1.08E-08,6.68E-05,4.80E-05,6.64E-06,0.899823294
0.82700003,1.34E-08,6.55E-05,2.78E-05,5.98E-06,0.897773545
0.82750003,1.81E-08,6.47E-05,1.90E-05,5.45E-06,0.896117489
0.82800003,2.44E-08,6.40E-05,1.26E-05,4.95E-06,0.894502982
0.82850003,3.84E-08,6.35E-05,9.45E-06,4.54E-06,0.892815172
0.82900003,6.03E-08,6.30E-05,6.99E-06,4.16E-06,0.891146638
0.82950003,1.27E-07,6.28E-05,5.62E-06,3.85E-06,0.889803209
0.83000003,3.35E-07,6.27E-05,4.50E-06,3.57E-06,0.888500786
0.83050003,1.39E-06,6.25E-05,3.81E-06,3.33E-06,0.887447189
0.83100003,2.28E-06,6.23E-05,3.21E-06,3.12E-06,0.886427433
0.83150003,1.26E-06,6.24E-05,2.82E-06,2.94E-06,0.885696506
0.83200003,1.18E-07,6.25E-05,2.48E-06,2.77E-06,0.885046318
0.83250003,1.03E-09,6.29E-05,2.24E-06,2.63E-06,0.884765931
0.83300003,3.88E-08,6.33E-05,2.02E-06,2.51E-06,0.884457265
0.83350003,3.23E-08,6.37E-05,1.86E-06,2.40E-06,0.883687339
0.83400003,1.98E-08,6.41E-05,1.71E-06,2.30E-06,0.882910846
0.83450003,1.54E-08,6.47E-05,1.60E-06,2.22E-06,0.882593817
0.83500003,1.24E-08,6.54E-05,1.50E-06,2.14E-06,0.882217681
0.83550003,1.05E-08,6.63E-05,1.41E-06,2.07E-06,0.881052053
0.83600003,8.81E-09,6.73E-05,1.32E-06,2.00E-06,0.87971293
0.83650003,7.76E-09,6.82E-05,1.26E-06,1.94E-06,0.878087587
0.83700003,6.85E-09,6.91E-05,1.19E-06,1.87E-06,0.876297673
0.83750003,6.21E-09,7.05E-05,1.13E-06,1.81E-06,0.873776388
0.83800003,5.64E-09,7.21E-05,1.07E-06,1.74E-06,0.871089722
0.83850003,5.24E-09,7.40E-05,1.02E-06,1.67E-06,0.868112005
0.83900003,4.89E-09,7.61E-05,9.76E-07,1.61E-06,0.864958284
0.83950003,4.64E-09,7.83E-05,9.32E-07,1.53E-06,0.861044391
0.84000003,4.42E-09,8.06E-05,8.89E-07,1.45E-06,0.856982307
0.84050003,4.27E-09,8.33E-05,8.56E-07,1.37E-06,0.852880936
0.84100003,4.14E-09,8.61E-05,8.25E-07,1.29E-06,0.848856769
0.84150003,4.06E-09,8.96E-05,7.96E-07,1.21E-06,0.845494631
0.84200003,4.00E-09,9.32E-05,7.69E-07,1.13E-06,0.842381144
0.84250003,3.98E-09,9.72E-05,7.51E-07,1.05E-06,0.840238274
0.84300003,3.98E-09,0.000101268,7.34E-07,9.79E-07,0.83845373
0.84350003,4.02E-09,0.000105494,7.24E-07,9.09E-07,0.838009622
0.84400003,4.07E-09,0.000109756,7.17E-07,8.41E-07,0.837923474
0.84450003,4.16E-09,0.000114216,7.16E-07,7.81E-07,0.838822854
0.84500003,4.26E-09,0.000118654,7.18E-07,7.24E-07,0.839901214
0.84550003,4.41E-09,0.000122899,7.27E-07,6.75E-07,0.841196586
0.84600003,4.57E-09,0.000126888,7.40E-07,6.28E-07,0.841809861
0.84650003,4.78E-09,0.000129592,7.65E-07,5.88E-07,0.837962878
0.84700003,5.01E-09,0.000131822,7.95E-07,5.50E-07,0.831824062
0.84750003,5.31E-09,0.000132422,8.38E-07,5.18E-07,0.815583358
0.84800003,5.63E-09,0.00013247,8.85E-07,4.88E-07,0.794979284
0.84850003,6.02E-09,0.000130683,9.51E-07,4.62E-07,0.75653632
0.84900003,6.44E-09,0.000128397,1.03E-06,4.39E-07,0.712419837
0.84950003,7.02E-09,0.000124743,1.14E-06,4.19E-07,0.649424061
0.85000003,7.64E-09,0.000120731,1.26E-06,4.00E-07,0.582320655
0.85050003,8.35E-09,0.000115728,1.44E-06,3.85E-07,0.506744549
0.85100003,9.12E-09,0.000110571,1.65E-06,3.71E-07,0.431079571
0.85150003,1.01E-08,0.000105298,1.97E-06,3.59E-07,0.36159656
0.85200003,1.13E-08,0.000100032,2.34E-06,3.49E-07,0.295391685
0.85250003,1.27E-08,9.48E-05,2.96E-06,3.40E-07,0.242134756
0.85300003,1.42E-08,8.96E-05,3.70E-06,3.33E-07,0.193090307
0.85350003,1.62E-08,8.52E-05,5.02E-06,3.26E-07,0.156562841
0.85400003,1.84E-08,8.09E-05,6.68E-06,3.20E-07,0.123655032
0.85450003,2.13E-08,7.70E-05,9.95E-06,3.15E-07,0.100349389
0.85500003,2.46E-08,7.33E-05,1.35E-05,3.10E-07,0.0795933
0.85550003,2.89E-08,7.02E-05,1.76E-05,3.06E-07,0.064888859
0.85600003,3.38E-08,6.73E-05,2.08E-05,3.02E-07,0.051790958
0.85650003,4.06E-08,6.50E-05,1.78E-05,2.98E-07,0.042504
0.85700003,4.81E-08,6.28E-05,1.39E-05,2.94E-07,0.034220507
0.85750003,5.90E-08,6.08E-05,1.04E-05,2.90E-07,0.028283303
0.85800003,7.12E-08,5.89E-05,7.14E-06,2.85E-07,0.022972446
0.85850003,8.91E-08,5.74E-05,5.44E-06,2.80E-07,0.019154076
0.85900003,1.09E-07,5.61E-05,4.09E-06,2.74E-07,0.015726774
0.85950003,1.41E-07,5.51E-05,3.32E-06,2.67E-07,0.013201307
0.86000003,1.77E-07,5.42E-05,2.68E-06,2.59E-07,0.010921648
0.86050003,2.35E-07,5.35E-05,2.29E-06,2.51E-07,0.009240725
0.86100003,3.03E-07,5.28E-05,1.96E-06,2.42E-07,0.007718974
0.86150003,4.18E-07,5.24E-05,1.74E-06,2.33E-07,0.006569817
0.86200003,5.55E-07,5.20E-05,1.54E-06,2.23E-07,0.005523599
0.86250003,8.02E-07,5.17E-05,1.42E-06,2.13E-07,0.004731936
0.86300003,1.11E-06,5.16E-05,1.31E-06,2.03E-07,0.004009329
0.86350003,1.69E-06,5.18E-05,1.23E-06,1.93E-07,0.003452526
0.86400003,2.43E-06,5.21E-05,1.16E-06,1.83E-07,0.002942087
0.86450003,3.99E-06,5.28E-05,1.12E-06,1.75E-07,0.002547483
0.86500003,6.09E-06,5.36E-05,1.09E-06,1.66E-07,0.002184514
0.86550003,1.09E-05,5.47E-05,1.07E-06,1.58E-07,0.00189749
0.86600003,1.81E-05,5.59E-05,1.06E-06,1.50E-07,0.001632837
0.86650003,3.80E-05,5.77E-05,1.07E-06,1.43E-07,0.001427568
0.86700003,6.16E-05,5.96E-05,1.08E-06,1.36E-07,0.00123834
0.86750003,9.69E-05,6.24E-05,1.10E-06,1.30E-07,0.001086808
0.86800003,0.000125528,6.55E-05,1.13E-06,1.25E-07,0.000945846
0.86850003,0.000102058,6.97E-05,1.18E-06,1.20E-07,0.000830803
0.86900003,7.19E-05,7.44E-05,1.23E-06,1.15E-07,0.000723788
0.86950003,5.06E-05,8.10E-05,1.31E-06,1.12E-07,0.000639135
0.87000003,3.22E-05,8.85E-05,1.39E-06,1.08E-07,0.000560532
0.87050003,2.29E-05,9.92E-05,1.50E-06,1.05E-07,0.000496097
0.87100003,1.56E-05,0.000111509,1.63E-06,1.02E-07,0.000435919
0.87150003,1.17E-05,0.000130231,1.79E-06,1.01E-07,0.000387007
0.87200003,8.48E-06,0.000152023,1.98E-06,9.90E-08,0.000341394
0.87250003,6.61E-06,0.000187629,2.22E-06,9.80E-08,0.000304094
0.87300003,5.06E-06,0.000230305,2.49E-06,9.70E-08,0.000269211
0.87350003,4.11E-06,0.000305519,2.86E-06,9.66E-08,0.000240273
0.87400003,3.31E-06,0.000397225,3.26E-06,9.63E-08,0.000213175
0.87450003,2.79E-06,0.00056352,3.84E-06,9.71E-08,0.000190939
0.87500003,2.34E-06,0.00072682,4.48E-06,9.81E-08,0.000170103
0.87550003,2.04E-06,0.000804274,5.39E-06,9.94E-08,0.000152609
0.87600003,1.78E-06,0.000833825,6.43E-06,1.01E-07,0.000136175
0.87650003,1.59E-06,0.000650037,8.02E-06,1.04E-07,0.000122575
0.87700003,1.42E-06,0.000446428,9.84E-06,1.06E-07,0.000109788
0.87750003,1.31E-06,0.000320187,1.27E-05,1.10E-07,9.89E-05
0.87800003,1.20E-06,0.000214954,1.60E-05,1.14E-07,8.87E-05
0.87850003,1.13E-06,0.00016044,2.14E-05,1.19E-07,8.05E-05
0.87900003,1.07E-06,0.000117129,2.78E-05,1.25E-07,7.28E-05
0.87950003,1.03E-06,9.25E-05,3.87E-05,1.31E-07,6.59E-05
0.88000003,9.87E-07,7.22E-05,5.19E-05,1.39E-07,5.94E-05
0.88050003,9.66E-07,5.97E-05,7.48E-05,1.48E-07,5.40E-05
0.88100003,9.49E-07,4.90E-05,0.000101304,1.58E-07,4.89E-05
0.88150003,9.43E-07,4.19E-05,0.000141269,1.71E-07,4.46E-05
0.88200003,9.40E-07,3.57E-05,0.000181165,1.85E-07,4.05E-05
0.88250003,9.51E-07,3.14E-05,0.000208608,2.02E-07,3.71E-05
0.88300003,9.65E-07,2.75E-05,0.000228466,2.20E-07,3.38E-05
0.88350003,9.91E-07,2.46E-05,0.000213804,2.44E-07,3.09E-05
0.88400003,1.02E-06,2.20E-05,0.000192735,2.70E-07,2.83E-05
0.88450003,1.06E-06,2.00E-05,0.000164842,3.03E-07,2.60E-05
0.88500003,1.11E-06,1.81E-05,0.000136992,3.38E-07,2.38E-05
0.88550003,1.17E-06,1.65E-05,0.000115127,3.85E-07,2.20E-05
0.88600003,1.23E-06,1.51E-05,9.51E-05,4.35E-07,2.02E-05
0.88650003,1.31E-06,1.37E-05,8.03E-05,5.03E-07,1.87E-05
0.88700003,1.40E-06,1.24E-05,6.69E-05,5.76E-07,1.72E-05
0.88750003,1.50E-06,1.12E-05,5.67E-05,6.71E-07,1.59E-05
0.88800003,1.61E-06,1.00E-05,4.75E-05,7.74E-07,1.47E-05
0.88850003,1.73E-06,8.92E-06,4.07E-05,9.12E-07,1.37E-05
0.88900003,1.85E-06,7.84E-06,3.45E-05,1.06E-06,1.27E-05
0.88950003,1.99E-06,6.84E-06,2.99E-05,1.26E-06,1.18E-05
0.89000003,2.12E-06,5.88E-06,2.58E-05,1.47E-06,1.10E-05
0.89050003,2.26E-06,5.06E-06,2.27E-05,1.72E-06,1.03E-05
0.89100003,2.39E-06,4.29E-06,1.99E-05,1.99E-06,9.58E-06
0.89150003,2.51E-06,3.65E-06,1.78E-05,2.30E-06,9.00E-06
0.89200003,2.61E-06,3.05E-06,1.59E-05,2.61E-06,8.45E-06
0.89250003,2.70E-06,2.58E-06,1.45E-05,2.93E-06,7.94E-06
0.89300003,2.77E-06,2.16E-06,1.32E-05,3.25E-06,7.45E-06
0.89350003,2.81E-06,1.82E-06,1.22E-05,3.54E-06,7.01E-06
0.89400003,2.85E-06,1.52E-06,1.13E-05,3.83E-06,6.59E-06
0.89450003,2.86E-06,1.29E-06,1.07E-05,4.10E-06,6.23E-06
0.89500003,2.86E-06,1.08E-06,1.01E-05,4.37E-06,5.88E-06
0.89550003,2.85E-06,9.26E-07,9.71E-06,4.66E-06,5.57E-06
0.89600003,2.84E-06,7.83E-07,9.38E-06,4.96E-06,5.27E-06
0.89650003,2.83E-06,6.74E-07,9.17E-06,5.34E-06,5.00E-06
0.89700003,2.82E-06,5.74E-07,9.00E-06,5.75E-06,4.74E-06
0.89750003,2.81E-06,4.98E-07,8.94E-06,6.28E-06,4.51E-06
0.89800003,2.82E-06,4.28E-07,8.93E-06,6.85E-06,4.29E-06
0.89850003,2.83E-06,3.74E-07,9.05E-06,7.61E-06,4.09E-06
0.89900003,2.86E-06,3.24E-07,9.22E-06,8.39E-06,3.90E-06
0.89950003,2.90E-06,2.85E-07,9.54E-06,9.13E-06,3.72E-06
0.90000003,2.94E-06,2.50E-07,9.90E-06,9.76E-06,3.56E-06